Wayne Ellington,name,gameDate,team,opp,salary,fppg,fpmax,fpmin,floor,ceil,average,stdev,ActualPTS,within_sigma,new_maxmin
C,Al Horford,11/11/2015,ATL,NOP,7500,33.49,40.6,26.7,28.6,38.38,33.49,4.89,44.1,0,1
PG,Dennis Schroder,11/11/2015,ATL,NOP,4600,20.62,32.6,8.9,13.88,27.37,20.625,6.745,19.4,1,0
PG,Jeff Teague,11/11/2015,ATL,NOP,7600,33.12,45.7,20.2,25.14,41.11,33.125,7.985,34,1,0
SG,Justin Holiday,11/11/2015,ATL,NOP,3500,9.27,19.2,2,3.15,15.38,9.265,6.115,1.2,1,1
SG,Kent Bazemore,11/11/2015,ATL,NOP,5300,25.2,38.3,5.9,16,34.4,25.2,9.2,13.6,1,0
SG,Kyle Korver,11/11/2015,ATL,NOP,5100,19.86,45.9,8.9,7.76,31.95,19.855,12.095,18.5,1,0
SG,Lamar Patterson,11/11/2015,ATL,NOP,3500,7.98,12.9,3.2,4.27,11.69,7.98,3.71,,,
PF,Mike Muscala,11/11/2015,ATL,NOP,3500,5.8,11.4,0.2,0.2,11.4,5.8,5.6,7.7,1,0
SF,Mike Scott,11/11/2015,ATL,NOP,3500,8.18,13.8,4.7,5.28,11.07,8.175,2.895,0,1,1
PF,Paul Millsap,11/11/2015,ATL,NOP,8300,38.34,45.4,31.1,34.43,42.26,38.345,3.915,45.2,0,0
PG,Shelvin Mack,11/11/2015,ATL,NOP,3500,0.4,0.4,0.4,0.4,0.4,0.4,0,,,
SF,Thabo Sefolosha,11/11/2015,ATL,NOP,3900,17.08,22.9,10.8,13.52,20.65,17.085,3.565,19,1,0
C,Tiago Splitter,11/11/2015,ATL,NOP,3900,14.13,19.9,9.6,10.69,17.56,14.125,3.435,17.1,1,0
C,Walter Tavares,11/11/2015,ATL,NOP,3500,2.2,2.2,2.2,2.2,2.2,2.2,0,,,
C,Andrea Bargnani,11/11/2015,BKN,HOU,3500,7.71,28.4,-1,-1.22,16.65,7.715,8.935,12.9,1,0
SF,Bojan Bogdanovic,11/11/2015,BKN,HOU,3800,14.41,25.4,7.2,8.42,20.41,14.415,5.995,36.3,0,1
C,Brook Lopez,11/11/2015,BKN,HOU,7900,33.26,44.7,26,25.89,40.63,33.26,7.37,39.4,1,0
PG,Donald Sloan,11/11/2015,BKN,HOU,3500,3.7,6.4,1,1,6.4,3.7,2.7,,,
PG,Jarrett Jack,11/11/2015,BKN,HOU,6200,26.22,44.4,15.2,16.34,36.1,26.22,9.88,24.2,1,0
SG,Joe Johnson,11/11/2015,BKN,HOU,6200,22.64,31.6,6.9,14.68,30.6,22.64,7.96,39.4,0,1
SG,Markel Brown,11/11/2015,BKN,HOU,3500,8.06,14.4,3,3.76,12.36,8.06,4.3,,,
SF,Rondae Hollis-Jefferson,11/11/2015,BKN,HOU,3600,16.27,23.9,5.1,9.7,22.83,16.265,6.565,7.3,1,0
SF,Sergey Karasev,11/11/2015,BKN,HOU,3500,2.1,3.2,1,1,3.2,2.1,1.1,,,
PG,Shane Larkin,11/11/2015,BKN,HOU,3900,12,24,1.7,4.71,19.29,12,7.29,26.6,0,1
PF,Thaddeus Young,11/11/2015,BKN,HOU,5700,26.14,36.6,16.4,19.36,32.92,26.14,6.78,23.3,1,0
PF,Thomas Robinson,11/11/2015,BKN,HOU,4000,11.84,22.4,2.9,5.51,18.17,11.84,6.33,16.2,1,0
SG,Wayne Ellington,11/11/2015,BKN,HOU,3500,7.8,20.8,2.7,1.7,13.9,7.8,6.1,10.9,1,0
C,Amir Johnson,11/11/2015,BOS,IND,4900,16.93,27.9,6.3,9.63,24.23,16.93,7.3,,,
SG,Avery Bradley,11/11/2015,BOS,IND,5800,18.6,31.5,7.1,9.17,28.03,18.6,9.43,,,
PF,David Lee,11/11/2015,BOS,IND,5000,16.77,26.5,6.6,10.26,23.27,16.765,6.505,,,
SF,Evan Turner,11/11/2015,BOS,IND,5700,20.23,35,10.3,10.45,30.02,20.235,9.785,,,
PG,Isaiah Thomas,11/11/2015,BOS,IND,7300,32.52,42.9,22.9,25.02,40.01,32.515,7.495,,,
SF,Jae Crowder,11/11/2015,BOS,IND,4700,25.48,38,17.3,19.2,31.77,25.485,6.285,,,
PF,Jared Sullinger,11/11/2015,BOS,IND,5200,27.82,39.1,14.1,19.98,35.65,27.815,7.835,,,
PF,Jonas Jerebko,11/11/2015,BOS,IND,3500,9.97,15.1,3.4,5.88,14.05,9.965,4.085,,,
PF,Jordan Mickey,11/11/2015,BOS,IND,3500,6.05,6.2,5.9,5.9,6.2,6.05,0.15,,,
C,Kelly Olynyk,11/11/2015,BOS,IND,3700,17.66,40.4,5.4,5.66,29.66,17.66,12,,,
PG,Marcus Smart,11/11/2015,BOS,IND,5800,25.63,32.9,16.1,18.59,32.68,25.635,7.045,,,
PG,Terry Rozier,11/11/2015,BOS,IND,3500,5.3,10.7,1.2,1.31,9.29,5.3,3.99,,,
C,Tyler Zeller,11/11/2015,BOS,IND,4000,6.7,11.5,1.7,2.86,10.54,6.7,3.84,,,
C,Al Jefferson,11/11/2015,CHA,NYK,7300,27.61,43.3,16.8,20.1,35.13,27.615,7.515,,,
PG,Brian Roberts,11/11/2015,CHA,NYK,3500,3.22,7.7,1,0.71,5.73,3.22,2.51,,,
PF,Cody Zeller,11/11/2015,CHA,NYK,3900,17.09,25.7,9.4,11.43,22.75,17.09,5.66,,,
PF,Frank Kaminsky,11/11/2015,CHA,NYK,3500,6.73,16.1,-1,0.66,12.81,6.735,6.075,,,
SG,Jeremy Lamb,11/11/2015,CHA,NYK,4100,20.4,32.3,6.8,12.82,27.98,20.4,7.58,,,
PG,Jeremy Lin,11/11/2015,CHA,NYK,4700,20.56,28,13.2,15.99,25.12,20.555,4.565,,,
PG,Kemba Walker,11/11/2015,CHA,NYK,7200,29.26,35.8,20,23.5,35.01,29.255,5.755,,,
PF,Marvin Williams,11/11/2015,CHA,NYK,5000,25.8,35.4,15.8,19.72,31.88,25.8,6.08,,,
SF,Nicolas Batum,11/11/2015,CHA,NYK,6500,27.99,40,17.7,21.58,34.4,27.99,6.41,,,
SF,P.J. Hairston,11/11/2015,CHA,NYK,3500,8.74,16,5.5,5.18,12.31,8.745,3.565,,,
C,Spencer Hawes,11/11/2015,CHA,NYK,3500,12.13,20.8,4.4,6.76,17.49,12.125,5.365,,,
SG,Troy Daniels,11/11/2015,CHA,NYK,3500,2.37,3.2,1.5,1.67,3.06,2.365,0.695,,,
PF,Tyler Hansbrough,11/11/2015,CHA,NYK,3500,8.6,8.6,8.6,8.6,8.6,8.6,0,,,
SF,Chandler Parsons,11/11/2015,DAL,LAC,5700,9.26,12.1,5.2,6.7,11.82,9.26,2.56,,,
PF,Charlie Villanueva,11/11/2015,DAL,LAC,3500,14.12,29.8,6.4,6.54,21.69,14.115,7.575,,,
PG,Deron Williams,11/11/2015,DAL,LAC,6700,23.95,28,13.5,18.82,29.08,23.95,5.13,,,
SG,Devin Harris,11/11/2015,DAL,LAC,4100,16.41,22.7,1.7,9.75,23.08,16.415,6.665,,,
PF,Dirk Nowitzki,11/11/2015,DAL,LAC,6500,29.19,38.3,21.2,24.22,34.15,29.185,4.965,,,
PF,Dwight Powell,11/11/2015,DAL,LAC,4600,24.04,30.5,17.6,19.14,28.95,24.045,4.905,,,
PG,J.J. Barea,11/11/2015,DAL,LAC,4300,18.57,24.7,13.3,14.72,22.42,18.57,3.85,,,
PF,Jeremy Evans,11/11/2015,DAL,LAC,3500,8.16,18.2,1.2,2.57,13.75,8.16,5.59,,,
SG,John Jenkins,11/11/2015,DAL,LAC,3600,16.3,26.7,5.9,5.9,26.7,16.3,10.4,,,
SF,Justin Anderson,11/11/2015,DAL,LAC,3500,7.2,15.7,1.2,0.94,13.46,7.2,6.26,,,
PG,Raymond Felton,11/11/2015,DAL,LAC,3600,13,31.8,5.4,4.56,21.44,13,8.44,,,
C,Salah Mejri,11/11/2015,DAL,LAC,3500,3.67,7.6,1.2,0.86,6.48,3.67,2.81,,,
SG,Wesley Matthews,11/11/2015,DAL,LAC,5300,12.73,18.4,0.7,7.08,18.39,12.735,5.655,,,
C,Zaza Pachulia,11/11/2015,DAL,LAC,5400,24.53,33,9.4,15.89,33.17,24.53,8.64,,,
SF,Danilo Gallinari,11/11/2015,DEN,MIL,6400,27.11,45.1,12.9,15.94,38.29,27.115,11.175,,,
PF,Darrell Arthur,11/11/2015,DEN,MIL,3500,12.83,17.8,10.1,10.03,15.62,12.825,2.795,,,
PG,Emmanuel Mudiay,11/11/2015,DEN,MIL,5800,25.36,34.7,16.3,19.2,31.51,25.355,6.155,,,
SG,Gary Harris,11/11/2015,DEN,MIL,3800,16.1,25.5,7.7,9.29,22.91,16.1,6.81,,,
PF,J.J. Hickson,11/11/2015,DEN,MIL,4400,20.16,42.1,4.2,5.33,34.99,20.16,14.83,,,
PG,Jameer Nelson,11/11/2015,DEN,MIL,4500,17.63,24.7,11.2,13.05,22.22,17.635,4.585,,,
PF,Joffrey Lauvergne,11/11/2015,DEN,MIL,4000,21.93,24.9,19,19.52,24.34,21.93,2.41,,,
PF,Kenneth Faried,11/11/2015,DEN,MIL,6800,28.43,43.5,14.9,19.86,37,28.43,8.57,,,
SF,Kostas Papanikolaou,11/11/2015,DEN,MIL,3500,6.65,12.1,1.2,1.2,12.1,6.65,5.45,,,
SF,Mike Miller,11/11/2015,DEN,MIL,3500,5.18,11.4,1.4,1.05,9.3,5.175,4.125,,,
C,Nikola Jokic,11/11/2015,DEN,MIL,3500,12.15,20.3,1,6.08,18.22,12.15,6.07,,,
SG,Randy Foye,11/11/2015,DEN,MIL,3500,8.86,16.7,-1,2.8,14.91,8.855,6.055,,,
SG,Will Barton,11/11/2015,DEN,MIL,4900,23.57,39.1,15.1,16.34,30.8,23.57,7.23,,,
C,Andre Drummond,11/11/2015,DET,SAC,9900,49.2,70.4,35.4,36.65,61.75,49.2,12.55,,,
PF,Anthony Tolliver,11/11/2015,DET,SAC,3500,8.57,18.6,0.2,2.29,14.85,8.57,6.28,,,
C,Aron Baynes,11/11/2015,DET,SAC,3500,9.93,12.7,6.3,7.53,12.34,9.935,2.405,,,
PF,Ersan Ilyasova,11/11/2015,DET,SAC,4400,14.5,27.9,6.9,7.76,21.24,14.5,6.74,,,
SG,Jodie Meeks,11/11/2015,DET,SAC,3600,3.4,3.4,3.4,3.4,3.4,3.4,0,,,
SG,Kentavious Caldwell-Pope,11/11/2015,DET,SAC,5200,24.13,27.8,15.8,20.34,27.92,24.13,3.79,,,
SF,Marcus Morris,11/11/2015,DET,SAC,5900,28.76,36,20.7,23,34.51,28.755,5.755,,,
SF,Reggie Bullock,11/11/2015,DET,SAC,3500,0.7,2.4,-1,-1,2.4,0.7,1.7,,,
PG,Reggie Jackson,11/11/2015,DET,SAC,8200,35.21,55.5,23.4,25.16,45.27,35.215,10.055,,,
PG,Spencer Dinwiddie,11/11/2015,DET,SAC,3500,1.2,1.2,1.2,1.2,1.2,1.2,0,,,
SF,Stanley Johnson,11/11/2015,DET,SAC,3900,13.66,28.4,2,5.79,21.52,13.655,7.865,,,
PG,Steve Blake,11/11/2015,DET,SAC,3500,8.81,16.3,0.5,4.26,13.37,8.815,4.555,,,
SF,Andre Iguodala,11/11/2015,GSW,MEM,4700,22.85,34.2,13.5,16.96,28.74,22.85,5.89,,,
C,Andrew Bogut,11/11/2015,GSW,MEM,5400,25.15,29.5,20.8,20.8,29.5,25.15,4.35,,,
SG,Brandon Rush,11/11/2015,GSW,MEM,3500,9.3,13.3,4.4,5.61,12.99,9.3,3.69,,,
PF,Draymond Green,11/11/2015,GSW,MEM,7800,32.2,42.5,20.5,25.42,38.98,32.2,6.78,,,
C,Festus Ezeli,11/11/2015,GSW,MEM,4300,22.46,30.4,12.5,16.96,27.97,22.465,5.505,,,
SF,Harrison Barnes,11/11/2015,GSW,MEM,5100,23.49,32.3,14.4,17.92,29.06,23.49,5.57,,,
SG,Ian Clark,11/11/2015,GSW,MEM,3500,9.93,20.1,4.7,2.74,17.12,9.93,7.19,,,
PF,James Michael McAdoo,11/11/2015,GSW,MEM,3500,7.2,18.9,1.5,0.79,13.61,7.2,6.41,,,
PF,Jason Thompson,11/11/2015,GSW,MEM,4300,7.3,14.8,1.2,2.39,12.21,7.3,4.91,,,
SG,Klay Thompson,11/11/2015,GSW,MEM,6800,25.45,33.5,13.4,18.48,32.42,25.45,6.97,,,
SG,Leandro Barbosa,11/11/2015,GSW,MEM,3700,12.03,18.5,8,8.59,15.46,12.025,3.435,,,
PF,Marreese Speights,11/11/2015,GSW,MEM,3500,12.11,22.3,4,6.46,17.77,12.115,5.655,,,
PG,Shaun Livingston,11/11/2015,GSW,MEM,3500,10.51,15.8,5.2,7.65,13.37,10.51,2.86,,,
PG,Stephen Curry,11/11/2015,GSW,MEM,10700,50.01,77.3,33.7,36.17,63.86,50.015,13.845,,,
C,Clint Capela,11/11/2015,HOU,BKN,4700,21.17,36.4,8.2,13.16,29.18,21.17,8.01,,,
SF,Corey Brewer,11/11/2015,HOU,BKN,3900,15.57,23.9,3,8.66,22.48,15.57,6.91,,,
C,Dwight Howard,11/11/2015,HOU,BKN,8100,35.58,45.5,20.4,26.25,44.9,35.575,9.325,,,
SG,James Harden,11/11/2015,HOU,BKN,10100,45.46,66.7,31.9,33.93,56.98,45.455,11.525,,,
PG,Jason Terry,11/11/2015,HOU,BKN,3500,5.16,8.9,2.2,2.77,7.55,5.16,2.39,,,
SF,K.J. McDaniels,11/11/2015,HOU,BKN,3500,5.2,5.2,5.2,5.2,5.2,5.2,0,,,
SG,Marcus Thornton,11/11/2015,HOU,BKN,4500,26.62,30.3,22.9,23.95,29.29,26.62,2.67,,,
PF,Montrezl Harrell,11/11/2015,HOU,BKN,3500,9.38,22.6,1.2,1.56,17.21,9.385,7.825,,,
PG,Patrick Beverley,11/11/2015,HOU,BKN,3600,12.26,20.1,7.4,7.89,16.63,12.26,4.37,,,
SF,Sam Dekker,11/11/2015,HOU,BKN,3500,3.2,3.2,3.2,3.2,3.2,3.2,0,,,
PF,Terrence Jones,11/11/2015,HOU,BKN,5700,18.25,24.2,12.3,12.3,24.2,18.25,5.95,,,
SF,Trevor Ariza,11/11/2015,HOU,BKN,5800,23.86,33.4,14.9,17.11,30.6,23.855,6.745,,,
PG,Ty Lawson,11/11/2015,HOU,BKN,6600,24.4,40.5,13.8,16.36,32.44,24.4,8.04,,,
SF,C.J. Miles,11/11/2015,IND,BOS,4600,17.96,23.7,13.4,13.8,22.12,17.96,4.16,,,
SF,Chase Budinger,11/11/2015,IND,BOS,3500,7.65,14.6,1.2,3.14,12.16,7.65,4.51,,,
PG,George Hill,11/11/2015,IND,BOS,6700,28.05,40.4,18,20.68,35.42,28.05,7.37,,,
C,Ian Mahinmi,11/11/2015,IND,BOS,4500,18.76,31.1,-1,9.34,28.17,18.755,9.415,,,
C,Jordan Hill,11/11/2015,IND,BOS,4800,21.23,30,11.2,15.46,27,21.23,5.77,,,
SG,Joseph Young,11/11/2015,IND,BOS,3500,-1,-1,-1,-1,-1,-1,0,,,
PF,Lavoy Allen,11/11/2015,IND,BOS,3600,11.94,20.7,2.7,5.53,18.36,11.945,6.415,,,
SG,Monta Ellis,11/11/2015,IND,BOS,6300,23.18,37.5,11.9,15.4,30.95,23.175,7.775,,,
PF,Myles Turner,11/11/2015,IND,BOS,3500,13.16,18.8,3.4,8.26,18.05,13.155,4.895,,,
SF,Paul George,11/11/2015,IND,BOS,8900,41.16,58.9,20.1,30.25,52.07,41.16,10.91,,,
SG,Rodney Stuckey,11/11/2015,IND,BOS,4700,18.13,30.8,8.7,10.32,25.94,18.13,7.81,,,
C,Shayne Whittington,11/11/2015,IND,BOS,3500,-2,-2,-2,-2,-2,-2,0,,,
PG,Austin Rivers,11/11/2015,LAC,DAL,3500,11.04,19.9,-2,4.82,17.26,11.04,6.22,,,
PF,Blake Griffin,11/11/2015,LAC,DAL,10200,46.79,57.8,39,40.39,53.19,46.79,6.4,,,
PG,Chris Paul,11/11/2015,LAC,DAL,9100,32.55,45.1,22.1,23.04,42.06,32.55,9.51,,,
C,Cole Aldrich,11/11/2015,LAC,DAL,3600,1,1,1,1,1,1,0,,,
C,DeAndre Jordan,11/11/2015,LAC,DAL,8000,34.51,53.1,24.8,26.19,42.84,34.515,8.325,,,
SG,J.J. Redick,11/11/2015,LAC,DAL,4800,19.41,28,15,14.77,24.05,19.41,4.64,,,
SG,Jamal Crawford,11/11/2015,LAC,DAL,4400,14.89,20.4,7,10.42,19.35,14.885,4.465,,,
PF,Josh Smith,11/11/2015,LAC,DAL,4200,13.76,18.5,5.9,9.09,18.43,13.76,4.67,,,
SG,Lance Stephenson,11/11/2015,LAC,DAL,3500,12.59,19.1,4.1,7.8,17.38,12.59,4.79,,,
SF,Luc Richard Mbah a Moute,11/11/2015,LAC,DAL,3500,1.5,1.5,1.5,1.5,1.5,1.5,0,,,
PG,Pablo Prigioni,11/11/2015,LAC,DAL,3500,3.35,5,1.7,1.7,5,3.35,1.65,,,
SF,Paul Pierce,11/11/2015,LAC,DAL,3700,13.17,24.1,2.9,5.49,20.85,13.17,7.68,,,
SF,Wesley Johnson,11/11/2015,LAC,DAL,3600,8.65,16.4,1.2,3.37,13.93,8.65,5.28,,,
SF,Anthony Brown,11/11/2015,LAL,ORL,3500,3.5,5,2,2,5,3.5,1.5,,,
PF,Brandon Bass,11/11/2015,LAL,ORL,3700,9.88,19,3.2,5.01,14.75,9.88,4.87,,,
PG,D'Angelo Russell,11/11/2015,LAL,ORL,5100,17.37,25.8,7.6,12.25,22.49,17.37,5.12,,,
PG,Jordan Clarkson,11/11/2015,LAL,ORL,6300,22.29,38.6,13.9,14.06,30.51,22.285,8.225,,,
PF,Julius Randle,11/11/2015,LAL,ORL,5900,26.3,54,1.9,11.98,40.62,26.3,14.32,,,
SG,Kobe Bryant,11/11/2015,LAL,ORL,7400,24.87,34.3,19.3,20.11,29.62,24.865,4.755,,,
PF,Larry Nance,11/11/2015,LAL,ORL,3500,9.27,11,8.2,8.03,10.5,9.265,1.235,,,
SG,Louis Williams,11/11/2015,LAL,ORL,5200,22.97,41,14.7,14.96,30.98,22.97,8.01,,,
PG,Marcelo Huertas,11/11/2015,LAL,ORL,3500,8.32,12.4,1.7,4.4,12.24,8.32,3.92,,,
SF,Metta World Peace,11/11/2015,LAL,ORL,3600,16.97,20.5,12.1,13.41,20.52,16.965,3.555,,,
SG,Nick Young,11/11/2015,LAL,ORL,3600,15.93,29.9,7.6,7.95,23.9,15.925,7.975,,,
C,Robert Sacre,11/11/2015,LAL,ORL,3500,3.4,3.4,3.4,3.4,3.4,3.4,0,,,
C,Roy Hibbert,11/11/2015,LAL,ORL,5400,21.83,37,12.4,12.84,30.82,21.83,8.99,,,
C,Tarik Black,11/11/2015,LAL,ORL,3900,11.14,15.6,1.2,6.02,16.26,11.14,5.12,,,
C,Brandan Wright,11/11/2015,MEM,GSW,3700,14.11,28.7,2,6.41,21.82,14.115,7.705,,,
SG,Courtney Lee,11/11/2015,MEM,GSW,4100,18.18,22.4,11.6,14.52,21.83,18.175,3.655,,,
PF,JaMychal Green,11/11/2015,MEM,GSW,3500,12.46,25.4,5.9,6.89,18.03,12.46,5.57,,,
SF,Jeff Green,11/11/2015,MEM,GSW,3900,13.29,25.3,4.1,6.86,19.71,13.285,6.425,,,
SG,Jordan Adams,11/11/2015,MEM,GSW,3500,8.95,11.9,6,6,11.9,8.95,2.95,,,
C,Marc Gasol,11/11/2015,MEM,GSW,7100,25.13,36.1,14.4,17.82,32.43,25.125,7.305,,,
SF,Matt Barnes,11/11/2015,MEM,GSW,3700,16.29,23.7,1.9,8.91,23.67,16.29,7.38,,,
PG,Mike Conley,11/11/2015,MEM,GSW,6500,26.68,37.4,11.9,19.11,34.24,26.675,7.565,,,
PG,Russ Smith,11/11/2015,MEM,GSW,3500,3.9,6.4,2,1.95,5.85,3.9,1.95,,,
SG,Tony Allen,11/11/2015,MEM,GSW,4400,16.14,24.4,6.9,10.39,21.88,16.135,5.745,,,
SF,Vince Carter,11/11/2015,MEM,GSW,3500,5.2,5.2,5.2,5.2,5.2,5.2,0,,,
PF,Zach Randolph,11/11/2015,MEM,GSW,7100,26.84,48.8,7.6,15.88,37.79,26.835,10.955,,,
SF,Chris Copeland,11/11/2015,MIL,DEN,3500,8.84,11.4,3.9,6.1,11.58,8.84,2.74,,,
SF,Damien Inglis,11/11/2015,MIL,DEN,3500,5.4,10.3,1.2,1.85,8.95,5.4,3.55,,,
SG,Giannis Antetokounmpo,11/11/2015,MIL,DEN,7000,30.84,40.8,19.6,23.44,38.24,30.84,7.4,,,
C,Greg Monroe,11/11/2015,MIL,DEN,8200,37.5,52.8,19.9,28.72,46.28,37.5,8.78,,,
PG,Greivis Vasquez,11/11/2015,MIL,DEN,4200,15.21,28.9,3.2,7.21,23.22,15.215,8.005,,,
PF,Jabari Parker,11/11/2015,MIL,DEN,5600,12.13,23.1,7.7,5.76,18.49,12.125,6.365,,,
PG,Jerryd Bayless,11/11/2015,MIL,DEN,3700,20.16,41.2,5.2,9.58,30.74,20.16,10.58,,,
PF,John Henson,11/11/2015,MIL,DEN,4500,15.28,36.5,5.6,2.85,27.7,15.275,12.425,,,
C,Johnny O'Bryant,11/11/2015,MIL,DEN,3500,11.6,18.9,3.6,6.72,16.48,11.6,4.88,,,
SF,Khris Middleton,11/11/2015,MIL,DEN,5800,23.65,36.3,8.4,14.24,33.06,23.65,9.41,,,
PG,Michael Carter-Williams,11/11/2015,MIL,DEN,7000,30.03,39.7,23.9,24.16,35.89,30.025,5.865,,,
C,Miles Plumlee,11/11/2015,MIL,DEN,3500,5.63,20.6,0.2,-0.97,12.22,5.625,6.595,,,
SG,Rashad Vaughn,11/11/2015,MIL,DEN,3500,5.7,13.4,1,0.99,10.41,5.7,4.71,,,
PG,Tyler Ennis,11/11/2015,MIL,DEN,3500,9.48,12.7,4.9,6.25,12.7,9.475,3.225,,,
C,Alexis Ajinca,11/11/2015,NOP,ATL,3500,10.76,16.5,4.4,6.81,14.71,10.76,3.95,,,
SF,Alonzo Gee,11/11/2015,NOP,ATL,3500,8.61,18.5,1.2,2.2,15.03,8.615,6.415,,,
PF,Anthony Davis,11/11/2015,NOP,ATL,10800,43.37,72.5,29.2,29.69,57.06,43.375,13.685,,,
PF,Dante Cunningham,11/11/2015,NOP,ATL,3900,11.31,15.7,5.6,7.79,14.83,11.31,3.52,,,
SG,Eric Gordon,11/11/2015,NOP,ATL,5500,26.6,33,18.8,22.2,31,26.6,4.4,,,
PG,Ish Smith,11/11/2015,NOP,ATL,5100,27.36,40.6,7.9,16.81,37.91,27.36,10.55,,,
SG,Jimmer Fredette,11/11/2015,NOP,ATL,3500,4,4,4,4,4,4,0,,,
PG,Jrue Holiday,11/11/2015,NOP,ATL,5900,20.28,29.4,12.2,13.98,26.58,20.28,6.3,,,
C,Kendrick Perkins,11/11/2015,NOP,ATL,3500,9.53,16.3,3.5,4.28,14.78,9.53,5.25,,,
SF,Luke Babbitt,11/11/2015,NOP,ATL,3600,14.38,21.1,8.9,9.82,18.94,14.38,4.56,,,
C,Omer Asik,11/11/2015,NOP,ATL,4200,6.6,10,3.2,3.2,10,6.6,3.4,,,
PF,Ryan Anderson,11/11/2015,NOP,ATL,5800,28.96,39.2,16.7,22.26,35.65,28.955,6.695,,,
PG,Toney Douglas,11/11/2015,NOP,ATL,3500,18.04,25.6,2,9.56,26.52,18.04,8.48,,,
SF,Carmelo Anthony,11/11/2015,NYK,CHA,9400,36.81,51.4,25.8,28.74,44.89,36.815,8.075,,,
SF,Cleanthony Early,11/11/2015,NYK,CHA,3500,4.3,6.7,1.2,2,6.6,4.3,2.3,,,
PF,Derrick Williams,11/11/2015,NYK,CHA,4000,14.33,33.9,7.7,6.27,22.38,14.325,8.055,,,
PG,Jerian Grant,11/11/2015,NYK,CHA,4100,16.28,24.7,10.2,11.43,21.12,16.275,4.845,,,
PG,Jose Calderon,11/11/2015,NYK,CHA,4400,12.93,27.5,6.7,6.54,19.31,12.925,6.385,,,
PF,Kevin Seraphin,11/11/2015,NYK,CHA,3500,4.44,8.6,1.2,1.75,7.13,4.44,2.69,,,
PF,Kristaps Porzingis,11/11/2015,NYK,CHA,5400,25.53,39.3,13.7,17.53,33.52,25.525,7.995,,,
C,Kyle O'Quinn,11/11/2015,NYK,CHA,4400,18.34,30.7,4.9,10.82,25.85,18.335,7.515,,,
SF,Lance Thomas,11/11/2015,NYK,CHA,3500,10.75,20.6,2,4.7,16.8,10.75,6.05,,,
SG,Langston Galloway,11/11/2015,NYK,CHA,4800,22.98,31.4,14.5,18.14,27.81,22.975,4.835,,,
PF,Lou Amundson,11/11/2015,NYK,CHA,3500,2,2,2,2,2,2,0,,,
C,Robin Lopez,11/11/2015,NYK,CHA,4600,22.03,35.6,10.8,13.31,30.74,22.025,8.715,,,
SG,Sasha Vujacic,11/11/2015,NYK,CHA,3500,14.6,30.7,8.3,7.76,21.44,14.6,6.84,,,
PF,Aaron Gordon,11/11/2015,ORL,LAL,3900,17.54,31.1,3.4,8.93,26.15,17.54,8.61,,,
PF,Andrew Nicholson,11/11/2015,ORL,LAL,3500,0.2,0.2,0.2,0.2,0.2,0.2,0,,,
PG,C.J. Watson,11/11/2015,ORL,LAL,3600,13.28,22.5,4.5,7.28,19.27,13.275,5.995,,,
PF,Channing Frye,11/11/2015,ORL,LAL,3700,11.37,21.6,4.9,4.05,18.69,11.37,7.32,,,
C,Dewayne Dedmon,11/11/2015,ORL,LAL,4100,19,30.8,12.8,13.27,24.73,19,5.73,,,
PG,Elfrid Payton,11/11/2015,ORL,LAL,6500,22.71,35.9,3.4,11.92,33.5,22.71,10.79,,,
SG,Evan Fournier,11/11/2015,ORL,LAL,5500,27.65,44,12.3,16.11,39.19,27.65,11.54,,,
PF,Jason Smith,11/11/2015,ORL,LAL,3500,10.3,19.5,3.6,4.65,15.95,10.3,5.65,,,
SF,Mario Hezonja,11/11/2015,ORL,LAL,3500,6.13,13.6,-1,1,11.25,6.125,5.125,,,
C,Nikola Vucevic,11/11/2015,ORL,LAL,7800,33.2,45.4,13.4,21.03,45.37,33.2,12.17,,,
PG,Shabazz Napier,11/11/2015,ORL,LAL,3500,7.28,15.4,2.4,2.31,12.25,7.28,4.97,,,
SF,Tobias Harris,11/11/2015,ORL,LAL,6500,27.04,43.8,19,19.5,34.57,27.035,7.535,,,
SG,Victor Oladipo,11/11/2015,ORL,LAL,7900,34.88,54.6,24.9,26.31,43.44,34.875,8.565,,,
PF,Christian Wood,11/11/2015,PHI,TOR,3600,7.88,19.6,2.4,0.93,14.82,7.875,6.945,,,
SF,Hollis Thompson,11/11/2015,PHI,TOR,3600,15.91,26.2,7.6,9.83,22,15.915,6.085,,,
PG,Isaiah Canaan,11/11/2015,PHI,TOR,4800,18.6,35.1,8.7,9.17,28.03,18.6,9.43,,,
C,Jahlil Okafor,11/11/2015,PHI,TOR,6400,30.44,43.5,18.7,23.4,37.48,30.44,7.04,,,
SF,JaKarr Sampson,11/11/2015,PHI,TOR,3500,7.96,16.8,1,2.86,13.05,7.955,5.095,,,
PF,Jerami Grant,11/11/2015,PHI,TOR,4200,20.24,28.9,10.9,15.09,25.39,20.24,5.15,,,
PF,Nerlens Noel,11/11/2015,PHI,TOR,7400,29.85,46.4,4.8,16.84,42.86,29.85,13.01,,,
SG,Nik Stauskas,11/11/2015,PHI,TOR,4400,22.17,31.1,17.6,17.64,26.69,22.165,4.525,,,
PF,Richaun Holmes,11/11/2015,PHI,TOR,3700,10.31,19.1,3,4.52,16.11,10.315,5.795,,,
SF,Robert Covington,11/11/2015,PHI,TOR,5800,10.4,10.4,10.4,10.4,10.4,10.4,0,,,
PG,T.J. McConnell,11/11/2015,PHI,TOR,4900,24.44,34.8,11.4,14.84,34.04,24.44,9.6,,,
SF,Al-Farouq Aminu,11/11/2015,POR,SAS,5800,25.94,31.3,19.3,21.78,30.09,25.935,4.155,,,
SG,Allen Crabbe,11/11/2015,POR,SAS,3700,12.69,23.4,4.6,7.12,18.25,12.685,5.565,,,
SG,C.J. McCollum,11/11/2015,POR,SAS,6500,30.26,47.7,21.6,22.87,37.66,30.265,7.395,,,
PG,Damian Lillard,11/11/2015,POR,SAS,9300,41.28,50.9,29.6,35.39,47.16,41.275,5.885,,,
PF,Ed Davis,11/11/2015,POR,SAS,4600,17.44,27.2,8.9,11.07,23.81,17.44,6.37,,,
SF,Luis Montero,11/11/2015,POR,SAS,3500,1.6,3,0.2,0.2,3,1.6,1.4,,,
C,Mason Plumlee,11/11/2015,POR,SAS,5500,24.86,37.2,12.8,16.92,32.8,24.86,7.94,,,
C,Meyers Leonard,11/11/2015,POR,SAS,4500,17.06,28.1,4.6,8.91,25.22,17.065,8.155,,,
SF,Moe Harkless,11/11/2015,POR,SAS,3700,15.89,31,9.1,9.33,22.45,15.89,6.56,,,
PF,Noah Vonleh,11/11/2015,POR,SAS,3500,6.39,12.7,1,2.82,9.96,6.39,3.57,,,
SG,Pat Connaughton,11/11/2015,POR,SAS,3500,2,5,-1,-1,5,2,3,,,
PG,Tim Frazier,11/11/2015,POR,SAS,3500,2.45,3.5,1.4,1.4,3.5,2.45,1.05,,,
SG,Ben McLemore,11/11/2015,SAC,DET,3500,8.98,24.8,1.2,2.3,15.65,8.975,6.675,,,
SF,Caron Butler,11/11/2015,SAC,DET,3500,4.8,12.4,1,0.78,8.82,4.8,4.02,,,
PG,Darren Collison,11/11/2015,SAC,DET,5500,24.65,36.5,19.2,18.94,30.36,24.65,5.71,,,
C,DeMarcus Cousins,11/11/2015,SAC,DET,10200,39,46.1,25.3,30.93,47.07,39,8.07,,,
PF,Eric Moreland,11/11/2015,SAC,DET,3500,2.53,5.2,1.2,0.65,4.42,2.535,1.885,,,
SG,James Anderson,11/11/2015,SAC,DET,3500,7.28,19,1,1.42,13.15,7.285,5.865,,,
C,Kosta Koufos,11/11/2015,SAC,DET,4300,21.75,29.4,14.4,16.69,26.81,21.75,5.06,,,
SG,Marco Belinelli,11/11/2015,SAC,DET,4000,18.64,26.6,9.2,12.72,24.55,18.635,5.915,,,
SF,Omri Casspi,11/11/2015,SAC,DET,4200,20.15,30.3,12.6,13.67,26.63,20.15,6.48,,,
PF,Quincy Acy,11/11/2015,SAC,DET,3500,5.43,10.6,2.7,1.78,9.09,5.435,3.655,,,
PG,Rajon Rondo,11/11/2015,SAC,DET,6400,31.5,55.9,18.2,19.44,43.56,31.5,12.06,,,
SF,Rudy Gay,11/11/2015,SAC,DET,7400,28.59,34.8,22,24.24,32.94,28.59,4.35,,,
SG,Seth Curry,11/11/2015,SAC,DET,3500,6.8,11,4.7,4.33,9.27,6.8,2.47,,,
C,Willie Cauley-Stein,11/11/2015,SAC,DET,4700,17.93,35.3,4.4,7.62,28.23,17.925,10.305,,,
C,Boban Marjanovic,11/11/2015,SAS,POR,3500,4.43,11.5,1,0.27,8.58,4.425,4.155,,,
PF,Boris Diaw,11/11/2015,SAS,POR,3900,14.94,27,6.7,8.96,20.93,14.945,5.985,,,
SG,Danny Green,11/11/2015,SAS,POR,4200,17.14,23.6,12.5,13.1,21.19,17.145,4.045,,,
PF,David West,11/11/2015,SAS,POR,4200,11.1,27.8,2.4,2.64,19.56,11.1,8.46,,,
SF,Kawhi Leonard,11/11/2015,SAS,POR,8300,38.09,48.6,31.5,31.76,44.41,38.085,6.325,,,
SF,Kyle Anderson,11/11/2015,SAS,POR,3500,6.62,11.4,2.7,4.01,9.22,6.615,2.605,,,
PF,LaMarcus Aldridge,11/11/2015,SAS,POR,8100,29.26,50.3,20.5,20.07,38.44,29.255,9.185,,,
SG,Manu Ginobili,11/11/2015,SAS,POR,4700,21.81,30.1,9.5,15.43,28.2,21.815,6.385,,,
PG,Patty Mills,11/11/2015,SAS,POR,3900,16.73,29.2,4.7,8.48,24.98,16.73,8.25,,,
SF,Rasual Butler,11/11/2015,SAS,POR,3500,9.28,17.4,2.2,3.22,15.34,9.28,6.06,,,
PG,Ray McCallum,11/11/2015,SAS,POR,3500,2.23,5,0.5,0.26,4.21,2.235,1.975,,,
C,Tim Duncan,11/11/2015,SAS,POR,6800,26.99,42,20.6,20.44,33.54,26.99,6.55,,,
PG,Tony Parker,11/11/2015,SAS,POR,4800,17.16,24.4,9.3,12.67,21.64,17.155,4.485,,,
PF,Anthony Bennett,11/11/2015,TOR,PHI,3500,5.2,7.2,3.4,3.49,6.91,5.2,1.71,,,
C,Bismack Biyombo,11/11/2015,TOR,PHI,3800,13.83,17.4,9.2,11.27,16.38,13.825,2.555,,,
PG,Cory Joseph,11/11/2015,TOR,PHI,3700,16.71,32.2,3.9,8.09,25.34,16.715,8.625,,,
PG,Delon Wright,11/11/2015,TOR,PHI,3500,0.2,0.2,0.2,0.2,0.2,0.2,0,,,
SG,DeMar DeRozan,11/11/2015,TOR,PHI,7600,33.38,42,15.7,24.17,42.58,33.375,9.205,,,
SF,DeMarre Carroll,11/11/2015,TOR,PHI,6000,21.8,31.6,12.2,13.45,30.15,21.8,8.35,,,
SF,James Johnson,11/11/2015,TOR,PHI,3600,10.3,21.1,-1,0.71,19.89,10.3,9.59,,,
C,Jonas Valanciunas,11/11/2015,TOR,PHI,6300,27.94,39,19,22.44,33.43,27.935,5.495,,,
PG,Kyle Lowry,11/11/2015,TOR,PHI,8000,37.55,54,22.3,27.31,47.79,37.55,10.24,,,
C,Lucas Nogueira,11/11/2015,TOR,PHI,3500,5,5,5,5,5,5,0,,,
PF,Luis Scola,11/11/2015,TOR,PHI,4300,19.49,38.9,7.6,10.52,28.45,19.485,8.965,,,
SG,Norman Powell,11/11/2015,TOR,PHI,3500,2.2,3.2,1.2,1.2,3.2,2.2,1,,,
PF,Patrick Patterson,11/11/2015,TOR,PHI,3800,12.16,20.9,7.2,6.91,17.41,12.16,5.25,,,
SG,Terrence Ross,11/11/2015,TOR,PHI,3500,10.44,23.8,2,2.36,18.53,10.445,8.085,,,
